{
	"credit": "Made with Blockbench",
	"texture_size": [64, 32],
	"textures": {
		"0": "sheep_wool",
		"particle": "sheep_wool"
	},
	"elements": [
		{
			"from": [4, 12, 0],
			"to": [12, 18, 16],
			"rotation": {"angle": 0, "axis": "y", "origin": [18, 11, -5]},
			"faces": {
				"north": {"uv": [8.75, 4, 10.75, 7], "texture": "#0"},
				"east": {"uv": [7.25, 7, 8.75, 15], "rotation": 90, "texture": "#0"},
				"south": {"uv": [11, 4, 13, 7], "texture": "#0"},
				"west": {"uv": [12.75, 7, 14.25, 15], "rotation": 90, "texture": "#0"},
				"up": {"uv": [10.75, 15, 8.75, 7], "texture": "#0"},
				"down": {"uv": [13, 7, 11, 15], "texture": "#0"}
			}
		},
		{
			"from": [2.25, 10.25, -1.75],
			"to": [13.75, 19.75, 17.75],
			"rotation": {"angle": 0, "axis": "y", "origin": [18, 11, -5]},
			"faces": {
				"north": {"uv": [8.5, 4, 10.5, 7], "texture": "#0"},
				"east": {"uv": [7, 7, 8.5, 15], "rotation": 90, "texture": "#0"},
				"south": {"uv": [11, 4, 13, 7], "texture": "#0"},
				"west": {"uv": [12.5, 7, 14, 15], "rotation": 90, "texture": "#0"},
				"up": {"uv": [12.75, 15, 10.75, 7], "texture": "#0"},
				"down": {"uv": [8.75, 15, 10.75, 7], "texture": "#0"}
			}
		},
		{
			"name": "leg4",
			"from": [2.5, 5.5, 0.5],
			"to": [7.5, 12.5, 5.5],
			"rotation": {"angle": 0, "axis": "y", "origin": [8, 0, 8]},
			"faces": {
				"north": {"uv": [1, 10, 2, 13], "texture": "#0"},
				"east": {"uv": [0, 10, 1, 13], "texture": "#0"},
				"south": {"uv": [3, 10, 4, 13], "texture": "#0"},
				"west": {"uv": [2, 10, 3, 13], "texture": "#0"},
				"up": {"uv": [2, 10, 1, 8], "texture": "#0"},
				"down": {"uv": [3, 8, 2, 10], "texture": "#0"}
			}
		},
		{
			"name": "leg3",
			"from": [8.5, 5.5, 0.5],
			"to": [13.5, 12.5, 5.5],
			"rotation": {"angle": 0, "axis": "y", "origin": [8, 0, 8]},
			"faces": {
				"north": {"uv": [1, 10, 2, 13], "texture": "#0"},
				"east": {"uv": [0, 10, 1, 13], "texture": "#0"},
				"south": {"uv": [3, 10, 4, 13], "texture": "#0"},
				"west": {"uv": [2, 10, 3, 13], "texture": "#0"},
				"up": {"uv": [2, 10, 1, 8], "texture": "#0"},
				"down": {"uv": [3, 8, 2, 10], "texture": "#0"}
			}
		},
		{
			"name": "leg2",
			"from": [2.5, 5.5, 12.5],
			"to": [7.5, 12.5, 17.5],
			"rotation": {"angle": 0, "axis": "y", "origin": [8, 0, 8]},
			"faces": {
				"north": {"uv": [1, 10, 2, 13], "texture": "#0"},
				"east": {"uv": [0, 10, 1, 13], "texture": "#0"},
				"south": {"uv": [3, 10, 4, 13], "texture": "#0"},
				"west": {"uv": [2, 10, 3, 13], "texture": "#0"},
				"up": {"uv": [2, 10, 1, 8], "texture": "#0"},
				"down": {"uv": [3, 8, 2, 10], "texture": "#0"}
			}
		},
		{
			"name": "leg1",
			"from": [8.5, 5.5, 12.5],
			"to": [13.5, 12.5, 17.5],
			"rotation": {"angle": 0, "axis": "y", "origin": [8, 0, 8]},
			"faces": {
				"north": {"uv": [1, 10, 2, 13], "texture": "#0"},
				"east": {"uv": [0, 10, 1, 13], "texture": "#0"},
				"south": {"uv": [3, 10, 4, 13], "texture": "#0"},
				"west": {"uv": [2, 10, 3, 13], "texture": "#0"},
				"up": {"uv": [2, 10, 1, 8], "texture": "#0"},
				"down": {"uv": [3, 8, 2, 10], "texture": "#0"}
			}
		},
		{
			"name": "head",
			"from": [4.4, 15.4, -4.6],
			"to": [11.6, 22.6, 2.6],
			"rotation": {"angle": 0, "axis": "y", "origin": [8, 0, 8]},
			"faces": {
				"north": {"uv": [1.5, 3, 3, 6], "texture": "#0"},
				"east": {"uv": [0, 3, 1.5, 6], "texture": "#0"},
				"south": {"uv": [4.5, 3, 6, 6], "texture": "#0"},
				"west": {"uv": [3, 3, 4.5, 6], "texture": "#0"},
				"up": {"uv": [3, 3, 1.5, 0], "texture": "#0"},
				"down": {"uv": [4.5, 0, 3, 3], "texture": "#0"}
			}
		},
		{
			"name": "head",
			"from": [5, 16, -6],
			"to": [11, 22, 2],
			"rotation": {"angle": 0, "axis": "y", "origin": [8, 0, 8]},
			"faces": {
				"north": {"uv": [2, 4, 3.5, 7], "texture": "#0"},
				"east": {"uv": [0, 4, 2, 7], "texture": "#0"},
				"south": {"uv": [5.5, 4, 7, 7], "texture": "#0"},
				"west": {"uv": [3.5, 4, 5.5, 7], "texture": "#0"},
				"up": {"uv": [3.5, 4, 2, 0], "texture": "#0"},
				"down": {"uv": [5, 0, 3.5, 4], "texture": "#0"}
			}
		},
		{
			"name": "leg1",
			"from": [9, 0, 13],
			"to": [13, 12, 17],
			"rotation": {"angle": 0, "axis": "y", "origin": [8, 0, 8]},
			"faces": {
				"north": {"uv": [1, 10, 2, 16], "texture": "#0"},
				"east": {"uv": [0, 10, 1, 16], "texture": "#0"},
				"south": {"uv": [3, 10, 4, 16], "texture": "#0"},
				"west": {"uv": [2, 10, 3, 16], "texture": "#0"},
				"up": {"uv": [2, 10, 1, 8], "texture": "#0"},
				"down": {"uv": [3, 8, 2, 10], "texture": "#0"}
			}
		},
		{
			"name": "leg2",
			"from": [3, 0, 13],
			"to": [7, 12, 17],
			"rotation": {"angle": 0, "axis": "y", "origin": [8, 0, 8]},
			"faces": {
				"north": {"uv": [1, 10, 2, 16], "texture": "#0"},
				"east": {"uv": [0, 10, 1, 16], "texture": "#0"},
				"south": {"uv": [3, 10, 4, 16], "texture": "#0"},
				"west": {"uv": [2, 10, 3, 16], "texture": "#0"},
				"up": {"uv": [2, 10, 1, 8], "texture": "#0"},
				"down": {"uv": [3, 8, 2, 10], "texture": "#0"}
			}
		},
		{
			"name": "leg3",
			"from": [9, 0, 1],
			"to": [13, 12, 5],
			"rotation": {"angle": 0, "axis": "y", "origin": [8, 0, 8]},
			"faces": {
				"north": {"uv": [1, 10, 2, 16], "texture": "#0"},
				"east": {"uv": [0, 10, 1, 16], "texture": "#0"},
				"south": {"uv": [3, 10, 4, 16], "texture": "#0"},
				"west": {"uv": [2, 10, 3, 16], "texture": "#0"},
				"up": {"uv": [2, 10, 1, 8], "texture": "#0"},
				"down": {"uv": [3, 8, 2, 10], "texture": "#0"}
			}
		},
		{
			"name": "leg4",
			"from": [3, 0, 1],
			"to": [7, 12, 5],
			"rotation": {"angle": 0, "axis": "y", "origin": [8, 0, 8]},
			"faces": {
				"north": {"uv": [1, 10, 2, 16], "texture": "#0"},
				"east": {"uv": [0, 10, 1, 16], "texture": "#0"},
				"south": {"uv": [3, 10, 4, 16], "texture": "#0"},
				"west": {"uv": [2, 10, 3, 16], "texture": "#0"},
				"up": {"uv": [2, 10, 1, 8], "texture": "#0"},
				"down": {"uv": [3, 8, 2, 10], "texture": "#0"}
			}
		}
	],
	"groups": [
		{
			"name": "body",
			"origin": [8, 19, 10],
			"color": 0,
			"children": [
				{
					"name": "rotation",
					"origin": [8, 19, 10],
					"color": 0,
					"children": [
						0,
						1,
						{
							"name": "leg4",
							"origin": [5, 12, 3],
							"color": 0,
							"children": [2]
						},
						{
							"name": "leg3",
							"origin": [11, 12, 3],
							"color": 0,
							"children": [3]
						},
						{
							"name": "leg2",
							"origin": [5, 12, 15],
							"color": 0,
							"children": [4]
						},
						{
							"name": "leg1",
							"origin": [11, 12, 15],
							"color": 0,
							"children": [5]
						},
						{
							"name": "head",
							"origin": [8, 18, 0],
							"color": 0,
							"children": [6]
						},
						{
							"name": "body",
							"origin": [8, 19, 10],
							"color": 0,
							"children": [
								{
									"name": "rotation",
									"origin": [8, 19, 10],
									"color": 0,
									"children": []
								}
							]
						}
					]
				}
			]
		},
		{
			"name": "head",
			"origin": [8, 18, 0],
			"color": 0,
			"children": [7]
		},
		{
			"name": "leg1",
			"origin": [11, 12, 15],
			"color": 0,
			"children": [8]
		},
		{
			"name": "leg2",
			"origin": [5, 12, 15],
			"color": 0,
			"children": [9]
		},
		{
			"name": "leg3",
			"origin": [11, 12, 3],
			"color": 0,
			"children": [10]
		},
		{
			"name": "leg4",
			"origin": [5, 12, 3],
			"color": 0,
			"children": [11]
		}
	]
}